{
    "loss": 0.6475948691368103,
    "accuracy": 0.9615384340286255
}