{
    "loss": 1.3637993335723877,
    "accuracy": 0.8974359035491943
}