{
    "loss": 0.5567129254341125,
    "accuracy": 0.9615384340286255
}